{
    "max": [
        9.379165649414062,
        0.9009992480278015,
        3.4672975540161133,
        358.5683898925781,
        9.478455543518066,
        1.7334991693496704,
        3.6893670558929443,
        359.9954411972733,
        87.85471541809181,
        359.996143851957
    ],
    "min": [
        -7.608435392379761,
        0.0,
        -4.6890339851379395,
        -349.712451428175,
        -8.003805875778198,
        -1.3755801916122437,
        -4.86556339263916,
        -359.97902956259645,
        -87.87098484858913,
        -359.98226176848846
    ]
}