{
    "max": [
        9.587343215942383,
        0.9009993076324463,
        3.4586193561553955,
        359.7183837890625,
        9.478455543518066,
        1.632249116897583,
        3.6893670558929443,
        179.995729759833,
        87.85471541809181,
        179.99633651184283
    ],
    "min": [
        -7.608435392379761,
        0.0,
        -4.6890339851379395,
        -349.11638832092285,
        -8.003805875778198,
        -1.4896417260169983,
        -4.697131156921387,
        -179.9957291429723,
        -87.87098484858913,
        -179.99633950789635
    ]
}