{
    "max": [
        9.492876052856445,
        0.9009993076324463,
        3.4672975540161133,
        358.5683898925781,
        9.47458553314209,
        1.7334991693496704,
        3.645937204360962,
        180.58733591226874,
        87.85471541809181,
        179.99999999996993
    ],
    "min": [
        -7.499419927597046,
        0.0,
        -4.6890339851379395,
        -359.45167305943323,
        -7.724908471107483,
        -1.3303556442260742,
        -4.86556339263916,
        -180.54871208302504,
        -87.87098484858913,
        -340.8272704210393
    ]
}