{
    "max": [
        9.587343215942383,
        0.9009993076324463,
        3.4800589084625244,
        359.7183837890625,
        9.558947563171387,
        1.7334991693496704,
        3.6893670558929443,
        359.9961512815585,
        87.85471541809181,
        359.99774386961565
    ],
    "min": [
        -7.608435392379761,
        0.0,
        -4.6890339851379395,
        -359.45167305943323,
        -8.003805875778198,
        -1.4896417260169983,
        -4.86556339263916,
        -359.99835058605856,
        -87.87098484858913,
        -359.99903310710204
    ]
}