{
    "max": [
        9.336044311523438,
        0.9009993076324463,
        3.4646133184432983,
        358.5683898925781,
        9.478455543518066,
        1.585679531097412,
        3.645937204360962,
        179.99999999989888,
        87.85471541809181,
        179.99999999996993
    ],
    "min": [
        -7.581023693084717,
        0.0,
        -4.6890339851379395,
        -349.712451428175,
        -8.003805875778198,
        -1.3755801916122437,
        -4.86556339263916,
        -179.99999999989882,
        -87.87098484858913,
        -179.99999999996993
    ]
}